datetime_utc,sample_set,scan_type,filename,collected_by,description,comments,dilution,Raman_Area,cigarette,diesel,wood_smoke,calibration_sample,prototypical_sample,test_sample,original_date
2020-07-01 10:29:05,1,blank_eem,blank_eem1.csv,JR,Spectroscopy Grade Blank,Raman units collected with 1 pixel binning so area multiplied by 4 to match 4 pixel binning used on samples,,2040.3794,,,,,,,2016-11-30
2020-07-01 10:29:06,1,sample_eem,sample_eem1.csv,JR,Diesel1,Raman units collected with 1 pixel binning so area multiplied by 4 to match 4 pixel binning used on samples,,2040.3794,0.0,5.0,0.0,y,,y,2016-11-30
2020-07-01 10:29:07,1,sample_eem,sample_eem2.csv,JR,Diesel2,Raman units collected with 1 pixel binning so area multiplied by 4 to match 4 pixel binning used on samples,,2040.3794,0.0,5.0,0.0,y,y,,2016-11-30
2020-07-01 10:29:08,1,sample_eem,sample_eem3.csv,JR,Diesel3,Raman units collected with 1 pixel binning so area multiplied by 4 to match 4 pixel binning used on samples,,2040.3794,0.0,5.0,0.0,y,,y,2016-11-30
2020-07-01 10:29:09,1,sample_eem,sample_eem4.csv,JR,Cigarette from Cookstove Lab Hood,Raman units collected with 1 pixel binning so area multiplied by 4 to match 4 pixel binning used on samples,,2040.3794,0.77,0.0,0.0,y,,y,2016-11-30
2020-07-01 10:29:10,1,sample_eem,sample_eem5.csv,JR,Cigarette from Cookstove Lab Hood,Raman units collected with 1 pixel binning so area multiplied by 4 to match 4 pixel binning used on samples,,2040.3794,5.0,0.0,0.0,y,y,,2016-11-30
2020-07-01 10:29:11,1,sample_eem,sample_eem6.csv,JR,Cigarette from Cookstove Lab Hood,Raman units collected with 1 pixel binning so area multiplied by 4 to match 4 pixel binning used on samples,,2040.3794,5.0,0.0,0.0,y,y,,2016-11-30
2020-07-01 10:29:12,1,absorb,absorb1.csv,JR,,,,,0.0,5.0,0.0,,,,2016-11-30
2020-07-01 10:29:13,1,absorb,absorb2.csv,JR,,,,,0.0,5.0,0.0,,,,2016-11-30
2020-07-01 10:29:14,1,absorb,absorb3.csv,JR,,,,,0.0,5.0,0.0,,,,2016-11-30
2020-07-01 10:29:15,1,absorb,absorb4.csv,JR,,,,,0.77,0.0,0.0,,,,2016-11-30
2020-07-01 10:29:16,1,absorb,absorb5.csv,JR,,,,,5.0,0.0,0.0,,,,2016-11-30
2020-07-01 10:29:17,1,absorb,absorb6.csv,JR,,,,,5.0,0.0,0.0,,,,2016-11-30
2020-07-01 10:29:18,2,blank_eem,blank_eem1.csv,JR,Chem Store Cyclohexane Blank,Raman units collected with 1 pixel binning so area multiplied by 4 to match 4 pixel binning used on samples,,2040.3794,,,,,,,2016-11-30
2020-07-01 10:29:19,2,sample_eem,sample_eem1.csv,JR,WoodSmoke,Raman units collected with 1 pixel binning so area multiplied by 4 to match 4 pixel binning used on samples,,2040.3794,0.0,0.0,5.0,y,y,,2016-11-30
2020-07-01 10:29:20,2,absorb,absorb1.csv,JR,,,,,0.0,0.0,5.0,,,,2016-11-30
2020-07-01 10:29:21,3,blank_eem,blank_eem1.csv,JR,2017-02-24 Cyclohexane Blank,Raman units collected with 1 pixel binning so area multiplied by 4 to match 4 pixel binning used on samples,,1504.82788,,,,,,,2017-02-24
2020-07-01 10:29:22,3,sample_eem,sample_eem1.csv,JR,PM2.5 Wood Smoke,Possible detector saturation. Raman units collected with 1 pixel binning so area multiplied by 4 to match 4 pixel binning used on samples,,1504.82788,0.0,0.0,5.0,y,y,,2017-02-24
2020-07-01 10:29:23,3,sample_eem,sample_eem2.csv,JR,No Impactor Wood Smoke,Possible detector saturation. Raman units collected with 1 pixel binning so area multiplied by 4 to match 4 pixel binning used on samples,,1504.82788,0.0,0.0,5.0,y,y,,2017-02-24
2020-07-01 10:29:24,3,absorb,absorb1.csv,JR,,,,,0.0,0.0,5.0,,,,2017-02-24
2020-07-01 10:29:25,3,absorb,absorb2.csv,JR,,,,,0.0,0.0,5.0,,,,2017-02-24
2020-07-01 10:29:27,5,blank_eem,blank_eem1.csv,JR,2017-05-12 Cyclohexane Blank,,,1311.9,,,,,,,2017-05-12
2020-07-01 10:29:28,5,sample_eem,sample_eem1.csv,JR,Diesel 10ug/mL (ZEF0086),Raman units collected with 1 pixel binning so area multiplied by 4 to match 4 pixel binning used on samples,,1311.9,0.0,10.0,0.0,y,y,,2017-05-12
2020-07-01 10:29:29,5,sample_eem,sample_eem2.csv,JR,Diesel 10ug/mL (ZEF0087),Raman units collected with 1 pixel binning so area multiplied by 4 to match 4 pixel binning used on samples,,1311.9,0.0,10.0,0.0,y,y,,2017-05-12
2020-07-01 10:29:30,5,absorb,absorb1.csv,JR,,,,,0.0,10.0,0.0,,,,2017-05-12
2020-07-01 10:29:31,5,absorb,absorb2.csv,JR,,,,,0.0,10.0,0.0,,,,2017-05-12
2020-07-01 10:29:33,7,blank_eem,blank_eem1.csv,JR,2017-07-19 Cyclohexane Blank,,,1255.5,,,,,,,2017-07-19
2020-07-01 10:29:34,7,sample_eem,sample_eem1.csv,JR,Cigarette 5 ug/mL (ZEF0094),,,1255.5,5.0,0.0,0.0,y,,y,2017-07-19
2020-07-01 10:29:35,7,sample_eem,sample_eem2.csv,JR,Cooksotve 5 ug/mL (ZEF0093),,,1255.5,0.0,0.0,5.0,y,,y,2017-07-19
2020-07-01 10:29:36,7,absorb,absorb1.csv,JR,,,,,5.0,0.0,0.0,,,,2017-07-19
2020-07-01 10:29:37,7,absorb,absorb2.csv,JR,,,,,0.0,0.0,5.0,,,,2017-07-19
2020-07-01 10:29:39,9,blank_eem,blank_eem1.csv,JR,2017-10-16 Cyclohexane Blank,,,1184.8,,,,,,,2017-10-16
2020-07-01 10:29:40,9,sample_eem,sample_eem1.csv,JR,Cigarette 5 ug/mL (ZEF0094),Mixed 2017-10-13,,1184.8,5.0,0.0,0.0,y,,y,2017-10-16
2020-07-01 10:29:41,9,sample_eem,sample_eem2.csv,JR,Diesel 5 µg/mL (ZEF0015),Mixed 2017-10-13,,1184.8,0.0,5.0,0.0,y,,y,2017-10-16
2020-07-01 10:29:42,9,sample_eem,sample_eem3.csv,JR,Cig + Diesel 5 µg/mL (ZEF0094 & 0015),Mixed 2017-10-13,,1184.8,5.0,5.0,0.0,,,y,2017-10-16
2020-07-01 10:29:43,9,sample_eem,sample_eem4.csv,JR,Cig + Cookstove 5 µg/mL (ZEF0094 & 0026),Mixed 2017-10-13,,1184.8,5.0,0.0,5.0,,,y,2017-10-16
2020-07-01 10:29:44,9,sample_eem,sample_eem5.csv,JR,Diesel + Cookstove 5 µg/mL (ZEF0015 & 0026),Mixed 2017-10-13,,1184.8,0.0,5.0,5.0,,,y,2017-10-16
2020-07-01 10:29:45,9,sample_eem,sample_eem6.csv,JR,Cig + Diesel + Cookstove 4 µg/mL (ZEF0094 & 0015 &0026),Mixed 2017-10-13,,1184.8,4.0,4.0,4.0,,,y,2017-10-16
2020-07-01 10:29:46,9,sample_eem,sample_eem7.csv,JR,Cookstove 5 µg/mL (ZEF0026),Mixed 2017-10-13,,1184.8,0.0,0.0,5.0,y,,y,2017-10-16
2020-07-01 10:29:47,9,absorb,absorb1.csv,JR,,,,,5.0,0.0,0.0,,,,2017-10-16
2020-07-01 10:29:48,9,absorb,absorb2.csv,JR,,,,,0.0,5.0,0.0,,,,2017-10-16
2020-07-01 10:29:49,9,absorb,absorb3.csv,JR,,,,,5.0,5.0,0.0,,,,2017-10-16
2020-07-01 10:29:50,9,absorb,absorb4.csv,JR,,,,,5.0,0.0,5.0,,,,2017-10-16
2020-07-01 10:29:51,9,absorb,absorb5.csv,JR,,,,,0.0,5.0,5.0,,,,2017-10-16
2020-07-01 10:29:52,9,absorb,absorb6.csv,JR,,,,,4.0,4.0,4.0,,,,2017-10-16
2020-07-01 10:29:53,9,absorb,absorb7.csv,JR,,,,,0.0,0.0,5.0,,,,2017-10-16
2020-07-01 10:29:54,10,blank_eem,blank_eem1.csv,JR,2017-10-27 Cyclohexane Blank,,,1196.7,,,,,,,2017-10-27
2020-07-01 10:29:55,10,sample_eem,sample_eem12.csv,JR,Cookstove 5 µg/mL,Mixed 2017-10-26,,1196.7,0.0,0.0,5.0,y,,y,2017-10-27
2020-07-01 10:29:56,10,sample_eem,sample_eem11.csv,JR,Cookstove 3 µg/mL,Mixed 2017-10-26,,1196.7,0.0,0.0,3.0,y,,y,2017-10-27
2020-07-01 10:29:57,10,sample_eem,sample_eem10.csv,JR,Cookstove 2 µg/mL,Mixed 2017-10-26,,1196.7,0.0,0.0,2.0,y,,y,2017-10-27
2020-07-01 10:29:58,10,sample_eem,sample_eem9.csv,JR,Cookstove 1 µg/mL,Mixed 2017-10-26,,1196.7,0.0,0.0,1.0,y,,y,2017-10-27
2020-07-01 10:29:59,10,sample_eem,sample_eem8.csv,JR,Diesel 5 µg/mL,Mixed 2017-10-26,,1196.7,0.0,5.0,0.0,y,,y,2017-10-27
2020-07-01 10:30:00,10,sample_eem,sample_eem1.csv,JR,Cigarette 1 ug/mL,Mixed 2017-10-26,,1196.7,1.0,0.0,0.0,y,,y,2017-10-27
2020-07-01 10:30:01,10,sample_eem,sample_eem6.csv,JR,Diesel 2 µg/mL,Mixed 2017-10-26,,1196.7,0.0,2.0,0.0,y,,y,2017-10-27
2020-07-01 10:30:02,10,sample_eem,sample_eem5.csv,JR,Diesel 1 µg/mL,Mixed 2017-10-26,,1196.7,0.0,1.0,0.0,y,,y,2017-10-27
2020-07-01 10:30:03,10,sample_eem,sample_eem4.csv,JR,Cigarette 5 ug/mL,Mixed 2017-10-26,,1196.7,5.0,0.0,0.0,y,,y,2017-10-27
2020-07-01 10:30:04,10,sample_eem,sample_eem3.csv,JR,Cigarette 3 ug/mL,Mixed 2017-10-26,,1196.7,3.0,0.0,0.0,y,,y,2017-10-27
2020-07-01 10:30:05,10,sample_eem,sample_eem2.csv,JR,Cigarette 2 ug/mL,Mixed 2017-10-26,,1196.7,2.0,0.0,0.0,y,,y,2017-10-27
2020-07-01 10:30:06,10,sample_eem,sample_eem7.csv,JR,Diesel 3 µg/mL,Mixed 2017-10-26,,1196.7,0.0,3.0,0.0,y,,y,2017-10-27
2020-07-01 10:30:07,10,absorb,absorb10.csv,JR,,,,,0.0,0.0,2.0,,,,2017-10-27
2020-07-01 10:30:08,10,absorb,absorb9.csv,JR,,,,,0.0,0.0,1.0,,,,2017-10-27
2020-07-01 10:30:09,10,absorb,absorb8.csv,JR,,,,,0.0,5.0,0.0,,,,2017-10-27
2020-07-01 10:30:10,10,absorb,absorb7.csv,JR,,,,,0.0,3.0,0.0,,,,2017-10-27
2020-07-01 10:30:11,10,absorb,absorb6.csv,JR,,,,,0.0,2.0,0.0,,,,2017-10-27
2020-07-01 10:30:12,10,absorb,absorb3.csv,JR,,,,,3.0,0.0,0.0,,,,2017-10-27
2020-07-01 10:30:13,10,absorb,absorb4.csv,JR,,,,,5.0,0.0,0.0,,,,2017-10-27
2020-07-01 10:30:14,10,absorb,absorb2.csv,JR,,,,,2.0,0.0,0.0,,,,2017-10-27
2020-07-01 10:30:15,10,absorb,absorb1.csv,JR,,,,,1.0,0.0,0.0,,,,2017-10-27
2020-07-01 10:30:16,10,absorb,absorb11.csv,JR,,,,,0.0,0.0,3.0,,,,2017-10-27
2020-07-01 10:30:17,10,absorb,absorb5.csv,JR,,,,,0.0,1.0,0.0,,,,2017-10-27
2020-07-01 10:30:18,10,absorb,absorb12.csv,JR,,,,,0.0,0.0,5.0,,,,2017-10-27
2020-07-01 10:30:19,11,blank_eem,blank_eem3.csv,JR,2018-01-10 Cyclohexane Blank,,,1167.8,,,,,,,2018-01-10
2020-07-01 10:30:20,11,blank_eem,blank_eem2.csv,JR,Proc Blank (ZEF0137),,,1167.8,0.0,0.0,0.0,,,y,2018-01-10
2020-07-01 10:30:21,11,blank_eem,blank_eem1.csv,JR,Proc Blank,,,1167.8,0.0,0.0,0.0,,,y,2018-01-10
2020-07-01 10:30:22,11,sample_eem,sample_eem1.csv,JR,"Cig (6min, 5ug/mL)",,,1167.8,5.0,0.0,0.0,y,y,,2018-01-10
2020-07-01 10:30:23,11,sample_eem,sample_eem11.csv,JR,"Wood (20min, 5ug/mL)",,,1167.8,0.0,0.0,5.0,y,,y,2018-01-10
2020-07-01 10:30:24,11,sample_eem,sample_eem10.csv,JR,"Diesel (384min, 5ug/mL)",,,1167.8,0.0,5.0,0.0,y,,y,2018-01-10
2020-07-01 10:30:25,11,sample_eem,sample_eem9.csv,JR,"Diesel (384min, 5ug/mL)",,,1167.8,0.0,5.0,0.0,y,y,,2018-01-10
2020-07-01 10:30:26,11,sample_eem,sample_eem12.csv,JR,"Wood (20min, 5ug/mL)",,,1167.8,0.0,0.0,5.0,y,,y,2018-01-10
2020-07-01 10:30:27,11,sample_eem,sample_eem7.csv,JR,"Cig (1min,5ug/mL) + Wood (20min, 2.1ug/mL)",,,1167.8,5.0,0.0,2.1,,,y,2018-01-10
2020-07-01 10:30:28,11,sample_eem,sample_eem6.csv,JR,"Cig (1min,5ug/mL) + Diesel (384min, 1.2ug/mL) + Wood (20min, 1.6ug/mL)",,,1167.8,5.0,1.200000047683716,1.600000023841858,,,y,2018-01-10
2020-07-01 10:30:29,11,sample_eem,sample_eem5.csv,JR,"Cig (1min,5ug/mL) + Diesel (384min, 1.2ug/mL)",,,1167.8,5.0,1.200000047683716,0.0,,,y,2018-01-10
2020-07-01 10:30:30,11,sample_eem,sample_eem4.csv,JR,"Cig (2min,5ug/mL) + Diesel (384min, 0.7ug/mL)",,,1167.8,5.0,0.699999988079071,0.0,,,y,2018-01-10
2020-07-01 10:30:31,11,sample_eem,sample_eem3.csv,JR,"Cig (5min, 5ug/mL) + HEPA (304min)",,,1167.8,5.0,0.0,0.0,y,y,,2018-01-10
2020-07-01 10:30:32,11,sample_eem,sample_eem2.csv,JR,"Cig (2min, 5ug/mL)",,,1167.8,5.0,0.0,0.0,y,,y,2018-01-10
2020-07-01 10:30:33,11,sample_eem,sample_eem8.csv,JR,"Diesel (384min, 3.1ug/mL) + Wood (20min, 5ug/mL)",,,1167.8,0.0,3.1,5.0,,,y,2018-01-10
2020-07-01 10:30:34,11,absorb,absorb10.csv,JR,,,,,0.0,5.0,0.0,,,,2018-01-10
2020-07-01 10:30:35,11,absorb,absorb9.csv,JR,,,,,0.0,5.0,0.0,,,,2018-01-10
2020-07-01 10:30:36,11,absorb,absorb8.csv,JR,,,,,0.0,3.1,5.0,,,,2018-01-10
2020-07-01 10:30:37,11,absorb,absorb7.csv,JR,,,,,5.0,0.0,2.1,,,,2018-01-10
2020-07-01 10:30:38,11,absorb,absorb6.csv,JR,,,,,5.0,1.200000047683716,1.600000023841858,,,,2018-01-10
2020-07-01 10:30:39,11,absorb,absorb3.csv,JR,,,,,5.0,0.0,0.0,,,,2018-01-10
2020-07-01 10:30:40,11,absorb,absorb4.csv,JR,,,,,5.0,0.699999988079071,0.0,,,,2018-01-10
2020-07-01 10:30:41,11,absorb,absorb2.csv,JR,,,,,5.0,0.0,0.0,,,,2018-01-10
2020-07-01 10:30:42,11,absorb,absorb1.csv,JR,,,,,5.0,0.0,0.0,,,,2018-01-10
2020-07-01 10:30:43,11,absorb,absorb11.csv,JR,,,,,0.0,0.0,5.0,,,,2018-01-10
2020-07-01 10:30:44,11,absorb,absorb5.csv,JR,,,,,5.0,1.200000047683716,0.0,,,,2018-01-10
2020-07-01 10:30:45,11,absorb,absorb12.csv,JR,,,,,0.0,0.0,5.0,,,,2018-01-10
2020-07-01 10:30:46,12,blank_eem,blank_eem1.csv,JR,2018-01-17 Cyclohexane Blank,,,1192.1,,,,,,,2018-01-17
2020-07-01 10:30:47,12,sample_eem,sample_eem1.csv,JR,Diesel 10ug/mL (ZEF0132),,,1192.1,0.0,10.0,0.0,y,,y,2018-01-17
2020-07-01 10:30:48,12,sample_eem,sample_eem2.csv,JR,Diesel 10ug/mL (ZEF0015),,,1192.1,0.0,10.0,0.0,y,,y,2018-01-17
2020-07-01 10:30:49,12,sample_eem,sample_eem3.csv,JR,Cookstove 5ug/mL Filtered (ZEF-0017),,,1192.1,0.0,0.0,5.0,y,,y,2018-01-17
2020-07-01 10:30:50,12,sample_eem,sample_eem4.csv,JR,Cookstove 5ug/mL Unfiltered (ZEF-0017),,,1192.1,0.0,0.0,5.0,y,,y,2018-01-17
2020-07-01 10:30:51,12,absorb,absorb1.csv,JR,,,,,0.0,10.0,0.0,,,,2018-01-17
2020-07-01 10:30:52,12,absorb,absorb2.csv,JR,,,,,0.0,10.0,0.0,,,,2018-01-17
2020-07-01 10:30:53,12,absorb,absorb3.csv,JR,,,,,0.0,0.0,5.0,,,,2018-01-17
2020-07-01 10:30:54,12,absorb,absorb4.csv,JR,,,,,0.0,0.0,5.0,,,,2018-01-17
2020-07-01 10:30:55,13,blank_eem,blank_eem2.csv,JR,Process Blank,,,1146.3,0.0,0.0,0.0,,,y,2018-02-27
2020-07-01 10:30:56,13,blank_eem,blank_eem3.csv,JR,2018-01-27 Cyclohexane Blank,,,1146.3,,,,,,,2018-02-27
2020-07-01 10:30:57,13,blank_eem,blank_eem1.csv,JR,Process Blank,,,1146.3,0.0,0.0,0.0,,,y,2018-02-27
2020-07-01 10:30:58,13,sample_eem,sample_eem18.csv,JR,Wood Smoke 5 µg/mL,,,1146.3,0.0,0.0,5.0,y,,y,2018-02-27
2020-07-01 10:30:59,13,sample_eem,sample_eem17.csv,JR,Wood Smoke 3 µg/mL,,,1146.3,0.0,0.0,3.0,y,,y,2018-02-27
2020-07-01 10:31:00,13,sample_eem,sample_eem16.csv,JR,Wood Smoke 2 µg/mL,,,1146.3,0.0,0.0,2.0,y,,y,2018-02-27
2020-07-01 10:31:01,13,sample_eem,sample_eem15.csv,JR,Wood Smoke 1 µg/mL,,,1146.3,0.0,0.0,1.0,y,,y,2018-02-27
2020-07-01 10:31:02,13,sample_eem,sample_eem14.csv,JR,Wood Smoke 0.5 µg/mL,,,1146.3,0.0,0.0,0.5,y,,y,2018-02-27
2020-07-01 10:31:03,13,sample_eem,sample_eem13.csv,JR,Wood Smoke 0.2 µg/mL,,,1146.3,0.0,0.0,0.2000000029802322,y,,y,2018-02-27
2020-07-01 10:31:04,13,sample_eem,sample_eem12.csv,JR,Diesel 5 µg/mL,,,1146.3,0.0,5.0,0.0,y,,y,2018-02-27
2020-07-01 10:31:05,13,sample_eem,sample_eem1.csv,JR,Cigarette 0.2 µg/mL,,,1146.3,0.2,0.0,0.0,y,,y,2018-02-27
2020-07-01 10:31:06,13,sample_eem,sample_eem10.csv,JR,Diesel 2 µg/mL,,,1146.3,0.0,2.0,0.0,y,,y,2018-02-27
2020-07-01 10:31:07,13,sample_eem,sample_eem9.csv,JR,Diesel 1 µg/mL,,,1146.3,0.0,1.0,0.0,y,,y,2018-02-27
2020-07-01 10:31:08,13,sample_eem,sample_eem8.csv,JR,Diesel 0.5 µg/mL,,,1146.3,0.0,0.5,0.0,y,,y,2018-02-27
2020-07-01 10:31:09,13,sample_eem,sample_eem7.csv,JR,Diesel 0.2 µg/mL,,,1146.3,0.0,0.2000000029802322,0.0,y,,y,2018-02-27
2020-07-01 10:31:10,13,sample_eem,sample_eem6.csv,JR,Cigarette 5 µg/mL,,,1146.3,5.0,0.0,0.0,y,,y,2018-02-27
2020-07-01 10:31:11,13,sample_eem,sample_eem5.csv,JR,Cigarette 3 µg/mL,,,1146.3,3.0,0.0,0.0,y,,y,2018-02-27
2020-07-01 10:31:12,13,sample_eem,sample_eem4.csv,JR,Cigarette 2 µg/mL,,,1146.3,2.0,0.0,0.0,y,,y,2018-02-27
2020-07-01 10:31:13,13,sample_eem,sample_eem3.csv,JR,Cigarette 1 µg/mL,,,1146.3,1.0,0.0,0.0,y,,y,2018-02-27
2020-07-01 10:31:14,13,sample_eem,sample_eem2.csv,JR,Cigarette 0.5 µg/mL,,,1146.3,0.5,0.0,0.0,y,,y,2018-02-27
2020-07-01 10:31:15,13,sample_eem,sample_eem11.csv,JR,Diesel 3 µg/mL,,,1146.3,0.0,3.0,0.0,y,,y,2018-02-27
2020-07-01 10:31:16,13,absorb,absorb11.csv,JR,,,,,0.0,3.0,0.0,,,,2018-02-27
2020-07-01 10:31:17,13,absorb,absorb12.csv,JR,,,,,0.0,5.0,0.0,,,,2018-02-27
2020-07-01 10:31:18,13,absorb,absorb16.csv,JR,,,,,0.0,0.0,2.0,,,,2018-02-27
2020-07-01 10:31:19,13,absorb,absorb14.csv,JR,,,,,0.0,0.0,0.5,,,,2018-02-27
2020-07-01 10:31:20,13,absorb,absorb15.csv,JR,,,,,0.0,0.0,1.0,,,,2018-02-27
2020-07-01 10:31:21,13,absorb,absorb10.csv,JR,,,,,0.0,2.0,0.0,,,,2018-02-27
2020-07-01 10:31:22,13,absorb,absorb13.csv,JR,,,,,0.0,0.0,0.2000000029802322,,,,2018-02-27
2020-07-01 10:31:23,13,absorb,absorb9.csv,JR,,,,,0.0,1.0,0.0,,,,2018-02-27
2020-07-01 10:31:24,13,absorb,absorb4.csv,JR,,,,,2.0,0.0,0.0,,,,2018-02-27
2020-07-01 10:31:25,13,absorb,absorb7.csv,JR,,,,,0.0,0.2000000029802322,0.0,,,,2018-02-27
2020-07-01 10:31:26,13,absorb,absorb6.csv,JR,,,,,5.0,0.0,0.0,,,,2018-02-27
2020-07-01 10:31:27,13,absorb,absorb5.csv,JR,,,,,3.0,0.0,0.0,,,,2018-02-27
2020-07-01 10:31:28,13,absorb,absorb3.csv,JR,,,,,1.0,0.0,0.0,,,,2018-02-27
2020-07-01 10:31:29,13,absorb,absorb2.csv,JR,,,,,0.5,0.0,0.0,,,,2018-02-27
2020-07-01 10:31:30,13,absorb,absorb1.csv,JR,,,,,0.2,0.0,0.0,,,,2018-02-27
2020-07-01 10:31:31,13,absorb,absorb17.csv,JR,,,,,0.0,0.0,3.0,,,,2018-02-27
2020-07-01 10:31:32,13,absorb,absorb8.csv,JR,,,,,0.0,0.5,0.0,,,,2018-02-27
2020-07-01 10:31:33,13,absorb,absorb18.csv,JR,,,,,0.0,0.0,5.0,,,,2018-02-27
2020-07-01 10:31:34,14,blank_eem,blank_eem1.csv,JR,Spectroscopy Grade Blank,,,1146.87899,,,,,,,2018-04-19
2020-07-01 10:31:35,14,sample_eem,sample_eem21.csv,JR,ZEF0131_Diesel_3ugmL,,,1146.87899,0.0,3.0,0.0,y,,y,2018-04-19
2020-07-01 10:31:36,14,sample_eem,sample_eem20.csv,JR,ZEF0130_Diesel_4ugmL,,,1146.87899,0.0,4.0,0.0,y,,y,2018-04-19
2020-07-01 10:31:37,14,sample_eem,sample_eem19.csv,JR,ZEF0123_Cig_2ugmL,,,1146.87899,2.0,0.0,0.0,y,,y,2018-04-19
2020-07-01 10:31:38,14,sample_eem,sample_eem18.csv,JR,ZEF0123_0131_0134_c3d3w3,,,1146.87899,3.0,3.0,3.0,,,y,2018-04-19
2020-07-01 10:31:39,14,sample_eem,sample_eem17.csv,JR,ZEF0123_0131_0134_c3d3w1,,,1146.87899,3.0,3.0,1.0,,,y,2018-04-19
2020-07-01 10:31:40,14,sample_eem,sample_eem16.csv,JR,ZEF0123_0131_0134_c3d1w3,,,1146.87899,3.0,1.0,3.0,,,y,2018-04-19
2020-07-01 10:31:41,14,sample_eem,sample_eem15.csv,JR,ZEF0123_0131_0134_c3d1w1,,,1146.87899,3.0,1.0,1.0,,,y,2018-04-19
2020-07-01 10:31:42,14,sample_eem,sample_eem14.csv,JR,ZEF0123_0131_0134_c3d1w0,,,1146.87899,3.0,1.0,0.0,,,y,2018-04-19
2020-07-01 10:31:43,14,sample_eem,sample_eem13.csv,JR,ZEF0122_Cig_4ugmL,,,1146.87899,4.0,0.0,0.0,y,,y,2018-04-19
2020-07-01 10:31:44,14,sample_eem,sample_eem12.csv,JR,ZEF0019_0029_0035_c3d0w3,,,1146.87899,3.0,0.0,3.0,,,y,2018-04-19
2020-07-01 10:31:45,14,sample_eem,sample_eem1.csv,JR,ZEF0019_0029_0035_c0d1w1,,,1146.87899,0.0,1.0,1.0,,,y,2018-04-19
2020-07-01 10:31:46,14,sample_eem,sample_eem10.csv,JR,ZEF0019_0029_0035_c1d3w1,,,1146.87899,1.0,3.0,1.0,,,y,2018-04-19
2020-07-01 10:31:47,14,sample_eem,sample_eem9.csv,JR,ZEF0019_0029_0035_c1d3w0,,,1146.87899,1.0,3.0,0.0,,,y,2018-04-19
2020-07-01 10:31:48,14,sample_eem,sample_eem8.csv,JR,ZEF0019_0029_0035_c1d1w3,,,1146.87899,1.0,1.0,3.0,,,y,2018-04-19
2020-07-01 10:31:49,14,sample_eem,sample_eem7.csv,JR,ZEF0019_0029_0035_c1d1w1,,,1146.87899,1.0,1.0,1.0,,,y,2018-04-19
2020-07-01 10:31:50,14,sample_eem,sample_eem6.csv,JR,ZEF0019_0029_0035_c1d1w0,,,1146.87899,1.0,1.0,0.0,,,y,2018-04-19
2020-07-01 10:31:51,14,sample_eem,sample_eem5.csv,JR,ZEF0019_0029_0035_c1d0w3,,,1146.87899,1.0,0.0,3.0,,,y,2018-04-19
2020-07-01 10:31:52,14,sample_eem,sample_eem4.csv,JR,ZEF0019_0029_0035_c1d0w1,,,1146.87899,1.0,0.0,1.0,,,y,2018-04-19
2020-07-01 10:31:53,14,sample_eem,sample_eem3.csv,JR,ZEF0019_0029_0035_c0d3w3,,,1146.87899,0.0,3.0,3.0,,,y,2018-04-19
2020-07-01 10:31:54,14,sample_eem,sample_eem2.csv,JR,ZEF0019_0029_0035_c0d3w1,,,1146.87899,0.0,3.0,1.0,,,y,2018-04-19
2020-07-01 10:31:55,14,sample_eem,sample_eem11.csv,JR,ZEF0019_0029_0035_c1d3w3,,,1146.87899,1.0,3.0,3.0,,,y,2018-04-19
2020-07-01 10:31:56,14,absorb,absorb13.csv,JR,,,,,4.0,0.0,0.0,,,,2018-04-19
2020-07-01 10:31:57,14,absorb,absorb14.csv,JR,,,,,3.0,1.0,0.0,,,,2018-04-19
2020-07-01 10:31:58,14,absorb,absorb15.csv,JR,,,,,3.0,1.0,1.0,,,,2018-04-19
2020-07-01 10:31:59,14,absorb,absorb19.csv,JR,,,,,2.0,0.0,0.0,,,,2018-04-19
2020-07-01 10:32:00,14,absorb,absorb17.csv,JR,,,,,3.0,3.0,1.0,,,,2018-04-19
2020-07-01 10:32:01,14,absorb,absorb18.csv,JR,,,,,3.0,3.0,3.0,,,,2018-04-19
2020-07-01 10:32:02,14,absorb,absorb12.csv,JR,,,,,3.0,0.0,3.0,,,,2018-04-19
2020-07-01 10:32:03,14,absorb,absorb16.csv,JR,,,,,3.0,1.0,3.0,,,,2018-04-19
2020-07-01 10:32:04,14,absorb,absorb11.csv,JR,,,,,1.0,3.0,3.0,,,,2018-04-19
2020-07-01 10:32:05,14,absorb,absorb6.csv,JR,,,,,1.0,1.0,0.0,,,,2018-04-19
2020-07-01 10:32:06,14,absorb,absorb9.csv,JR,,,,,1.0,3.0,0.0,,,,2018-04-19
2020-07-01 10:32:07,14,absorb,absorb8.csv,JR,,,,,1.0,1.0,3.0,,,,2018-04-19
2020-07-01 10:32:08,14,absorb,absorb7.csv,JR,,,,,1.0,1.0,1.0,,,,2018-04-19
2020-07-01 10:32:09,14,absorb,absorb5.csv,JR,,,,,1.0,0.0,3.0,,,,2018-04-19
2020-07-01 10:32:10,14,absorb,absorb4.csv,JR,,,,,1.0,0.0,1.0,,,,2018-04-19
2020-07-01 10:32:11,14,absorb,absorb3.csv,JR,,,,,0.0,3.0,3.0,,,,2018-04-19
2020-07-01 10:32:12,14,absorb,absorb2.csv,JR,,,,,0.0,3.0,1.0,,,,2018-04-19
2020-07-01 10:32:13,14,absorb,absorb1.csv,JR,,,,,0.0,1.0,1.0,,,,2018-04-19
2020-07-01 10:32:14,14,absorb,absorb20.csv,JR,,,,,0.0,4.0,0.0,,,,2018-04-19
2020-07-01 10:32:15,14,absorb,absorb10.csv,JR,,,,,1.0,3.0,1.0,,,,2018-04-19
2020-07-01 10:32:16,14,absorb,absorb21.csv,JR,,,,,0.0,3.0,0.0,,,,2018-04-19
2020-07-01 10:32:17,15,blank_eem,blank_eem1.csv,JR,2018-08-15 Cyclohexane Blank,,,1513.5,,,,,,,2018-08-15
2020-07-01 10:32:18,15,sample_eem,sample_eem19.csv,JR,Cookstove 2 µg/mL,,,1513.5,0.0,0.0,2.0,y,,y,2018-08-15
2020-07-01 10:32:19,15,sample_eem,sample_eem18.csv,JR,Cookstove 1 µg/mL,,,1513.5,0.0,0.0,1.0,y,,y,2018-08-15
2020-07-01 10:32:20,15,sample_eem,sample_eem17.csv,JR,Cookstove 0.5 µg/mL,,,1513.5,0.0,0.0,0.5,y,,y,2018-08-15
2020-07-01 10:32:21,15,sample_eem,sample_eem16.csv,JR,Diesel 4 µg/mL,,,1513.5,0.0,4.0,0.0,y,,y,2018-08-15
2020-07-01 10:32:22,15,sample_eem,sample_eem15.csv,JR,Diesel 3 µg/mL,,,1513.5,0.0,3.0,0.0,y,,y,2018-08-15
2020-07-01 10:32:23,15,sample_eem,sample_eem14.csv,JR,Diesel 2 µg/mL,,,1513.5,0.0,2.0,0.0,y,,y,2018-08-15
2020-07-01 10:32:24,15,sample_eem,sample_eem13.csv,JR,Diesel 1 µg/mL,,,1513.5,0.0,1.0,0.0,y,,y,2018-08-15
2020-07-01 10:32:25,15,sample_eem,sample_eem12.csv,JR,Diesel 4 µg/mL,,,1513.5,0.0,4.0,0.0,y,,y,2018-08-15
2020-07-01 10:32:26,15,sample_eem,sample_eem11.csv,JR,Diesel 3 µg/mL,,,1513.5,0.0,3.0,0.0,y,,y,2018-08-15
2020-07-01 10:32:27,15,sample_eem,sample_eem1.csv,JR,Cookstove 0.5 µg/mL,,,1513.5,0.0,0.0,0.5,y,,y,2018-08-15
2020-07-01 10:32:28,15,sample_eem,sample_eem9.csv,JR,Cigarette 2 ug/mL,,,1513.5,2.0,0.0,0.0,y,,y,2018-08-15
2020-07-01 10:32:29,15,sample_eem,sample_eem8.csv,JR,Cigarette 1 ug/mL,,,1513.5,1.0,0.0,0.0,y,,y,2018-08-15
2020-07-01 10:32:30,15,sample_eem,sample_eem7.csv,JR,Cigarette 0.5 ug/mL,,,1513.5,0.5,0.0,0.0,y,,y,2018-08-15
2020-07-01 10:32:31,15,sample_eem,sample_eem6.csv,JR,Cigarette 2 ug/mL,,,1513.5,2.0,0.0,0.0,y,,y,2018-08-15
2020-07-01 10:32:32,15,sample_eem,sample_eem5.csv,JR,Cigarette 1 ug/mL,,,1513.5,1.0,0.0,0.0,y,,y,2018-08-15
2020-07-01 10:32:33,15,sample_eem,sample_eem4.csv,JR,Cigarette 0.5 ug/mL,,,1513.5,0.5,0.0,0.0,y,,y,2018-08-15
2020-07-01 10:32:34,15,sample_eem,sample_eem3.csv,JR,Cookstove 2 µg/mL,,,1513.5,0.0,0.0,2.0,y,,y,2018-08-15
2020-07-01 10:32:35,15,sample_eem,sample_eem2.csv,JR,Cookstove 1 µg/mL,,,1513.5,0.0,0.0,1.0,y,,y,2018-08-15
2020-07-01 10:32:36,15,sample_eem,sample_eem10.csv,JR,Diesel 2 µg/mL,,,1513.5,0.0,2.0,0.0,y,,y,2018-08-15
2020-07-01 10:32:37,15,absorb,absorb12.csv,JR,,,,,0.0,4.0,0.0,,,,2018-08-15
2020-07-01 10:32:38,15,absorb,absorb13.csv,JR,,,,,0.0,1.0,0.0,,,,2018-08-15
2020-07-01 10:32:39,15,absorb,absorb17.csv,JR,,,,,0.0,0.0,0.5,,,,2018-08-15
2020-07-01 10:32:40,15,absorb,absorb15.csv,JR,,,,,0.0,3.0,0.0,,,,2018-08-15
2020-07-01 10:32:41,15,absorb,absorb16.csv,JR,,,,,0.0,4.0,0.0,,,,2018-08-15
2020-07-01 10:32:42,15,absorb,absorb11.csv,JR,,,,,0.0,3.0,0.0,,,,2018-08-15
2020-07-01 10:32:43,15,absorb,absorb14.csv,JR,,,,,0.0,2.0,0.0,,,,2018-08-15
2020-07-01 10:32:44,15,absorb,absorb10.csv,JR,,,,,0.0,2.0,0.0,,,,2018-08-15
2020-07-01 10:32:45,15,absorb,absorb5.csv,JR,,,,,1.0,0.0,0.0,,,,2018-08-15
2020-07-01 10:32:46,15,absorb,absorb8.csv,JR,,,,,1.0,0.0,0.0,,,,2018-08-15
2020-07-01 10:32:47,15,absorb,absorb7.csv,JR,,,,,0.5,0.0,0.0,,,,2018-08-15
2020-07-01 10:32:48,15,absorb,absorb6.csv,JR,,,,,2.0,0.0,0.0,,,,2018-08-15
2020-07-01 10:32:49,15,absorb,absorb4.csv,JR,,,,,0.5,0.0,0.0,,,,2018-08-15
2020-07-01 10:32:50,15,absorb,absorb3.csv,JR,,,,,0.0,0.0,2.0,,,,2018-08-15
2020-07-01 10:32:51,15,absorb,absorb2.csv,JR,,,,,0.0,0.0,1.0,,,,2018-08-15
2020-07-01 10:32:52,15,absorb,absorb1.csv,JR,,,,,0.0,0.0,0.5,,,,2018-08-15
2020-07-01 10:32:53,15,absorb,absorb18.csv,JR,,,,,0.0,0.0,1.0,,,,2018-08-15
2020-07-01 10:32:54,15,absorb,absorb9.csv,JR,,,,,2.0,0.0,0.0,,,,2018-08-15
2020-07-01 10:32:55,15,absorb,absorb19.csv,JR,,,,,0.0,0.0,2.0,,,,2018-08-15
2020-07-01 10:32:56,16,blank_eem,blank_eem1.csv,JR,2018-10-11 Cyclohexane Blank (0.1 sec),0.1 second integration time ,,267.1,,,,,,,2018-10-11
2020-07-01 10:32:57,16,sample_eem,sample_eem1.csv,JR,Cookstove 5 µg/mL (ZEF00136),0.1 second integration time ,,267.1,0.0,0.0,5.0,y,y,,2018-10-11
2020-07-01 10:32:58,16,absorb,absorb1.csv,JR,,,,,0.0,0.0,5.0,,,,2018-10-11
2020-07-01 10:32:59,17,blank_eem,blank_eem1.csv,JR,Process Blank (ZEF 0143),,,1311.5,0.0,0.0,0.0,,,y,2018-10-26
2020-07-01 10:33:00,17,blank_eem,blank_eem2.csv,JR,Process Blank (ZEF 0146),,,1311.5,0.0,0.0,0.0,,,y,2018-10-26
2020-07-01 10:33:01,17,blank_eem,blank_eem3.csv,JR,2018-10-26 Cyclohexane Blank (0.5 sec),,,1311.5,,,,,,,2018-10-26
